First Name,Last Name,Email,Phone,Company,Position,Address,Labels
,,,+56 2 2210 1111,Clínica Alemana,Central telefónica,"Av. Vitacura 5951, Vitacura, Santiago, Chile",Clínicas Santiago; Sin email
José,Retamal,,+56 2 2730 8000,Clínica Dávila,Director de Docencia,"Av. Recoleta 464, Recoleta, Santiago, Chile",Clínicas Santiago; Decisor
,,,+56 2 2820 6700,Clínica Dávila Vespucio,Central telefónica,"Serafín Zamora 190, La Florida, Santiago, Chile",Clínicas Santiago; Sin email
,,,+56 2 2913 0000,Clínica Santa María,Central telefónica,"Av. Santa María 0500, Providencia, Santiago, Chile",Clínicas Santiago; Sin email
,,,+56 2 3240 5650,Clínica Bupa Santiago,Central telefónica,"Av. Departamental 1455, La Florida, Santiago, Chile",Clínicas Santiago; Sin email
,,,+56 2 2362 5555,Clínica Indisa,Central telefónica,"Av. Santa María 1810, Providencia, Santiago, Chile",Clínicas Santiago; Sin email
,,contacto@meds.cl,+56 2 2499 6400,Clínica MEDS,Contacto general,"Av. José Alcalde Délano 10581, Lo Barnechea, Santiago, Chile",Clínicas Santiago; General
,,gestionproveedores@clinicauandes.cl,+56 2 2618 3000,Clínica Universidad de los Andes,Compras / Proveedores,"Av. Plaza 2501, Las Condes, Santiago, Chile",Clínicas Santiago; Compras
,,contacto@clinicauandes.cl,+56 2 2618 3000,Clínica Universidad de los Andes,Contacto general,"Av. Plaza 2501, Las Condes, Santiago, Chile",Clínicas Santiago; General
,,subgerenciadeventas@falp.org,+56 2 2712 8000,Fundación Arturo López Pérez (FALP),Contacto general,"José Manuel Infante 805, Providencia, Santiago, Chile",Clínicas Santiago; General
Pilar,Torres Medina,,+56 2 2366 2055,Clínica RedSalud Providencia,Gerente de Personas (corporativo RedSalud),"Av. Salvador 100, Providencia, Santiago, Chile",Clínicas Santiago; Decisor
,,,+56 600 718 6000,Clínica RedSalud Santiago,Central telefónica,"Av. Libertador Bernardo O'Higgins 4850, Estación Central, Santiago, Chile",Clínicas Santiago; Sin email
,,,+56 2 2395 4000,Clínica RedSalud Vitacura (ex Tabancura),Central telefónica,"Av. Tabancura 1185, Vitacura, Santiago, Chile",Clínicas Santiago; Sin email
,,,+56 2 2354 3000,Hospital Clínico UC Christus,Central telefónica,"Marcoleta 367, Santiago, Santiago, Chile",Clínicas Santiago; Sin email
,,,+56 2 2754 8726,Clínica UC San Carlos de Apoquindo,Central telefónica,"Camino El Alba 12351, Las Condes, Santiago, Chile",Clínicas Santiago; Sin email
,,contacto@clinicacolonial.cl,+56 2 2578 8500,Clínica Colonial,Contacto general,"Palacio Riesco 4515, Huechuraba, Santiago, Chile",Clínicas Santiago; General
,,seleccion@chp.cl,+56 2 2299 6300,Clínica Hospital del Profesor,RRHH / Selección,"Av. Libertador Bernardo O'Higgins 4860, Estación Central, Santiago, Chile",Clínicas Santiago; RRHH
,,postulaciones@vidaintegra.cl,+56 600 600 8432,Centros Médicos Vidaintegra,RRHH / Selección,"Varias sedes RM, Santiago, Santiago, Chile",Clínicas Santiago; RRHH
,,,+56 2 2610 4000,Clínica Las Condes,Central telefónica,"Estoril 450, Las Condes, Santiago, Chile",Clínicas Santiago; Sin email
,,ayuda@centrolaser.cl,+56 2 3201 2000,Centro Oftalmológico Láser,Contacto general,"Asturias 349, Las Condes, Santiago, Chile",Clínicas Santiago; General
,,contacto@pasteur.cl,+56 2 2520 5900,Clínica Oftalmológica Pasteur,Contacto general,"Av. Luis Pasteur 5917, Vitacura, Santiago, Chile",Clínicas Santiago; General
,,contactoiops@puertadelsol.cl,+56 2 2411 5700,Instituto Oftalmológico Puerta del Sol,Contacto general,"Puerta del Sol 36, Las Condes, Santiago, Chile",Clínicas Santiago; General
,,contacto@iram.cl,+56 2 2754 1700,Instituto de Radiomedicina IRAM,Contacto general,"Av. Américo Vespucio 1314, Vitacura, Santiago, Chile",Clínicas Santiago; General
,,,+56 2 2373 6500,Hospital Parroquial de San Bernardo,Central telefónica,"Av. O'Higgins 04, San Bernardo, Santiago, Chile",Clínicas Santiago; Sin email
,,,+56 2 2437 3560,Clínica Ensenada,Central telefónica,"Av. Fermín Vivaceta 957, Independencia, Santiago, Chile",Clínicas Santiago; Sin email
,,info@nuevaclinicacordillera.cl,+56 2 2834 7500,Nueva Clínica Cordillera,Contacto general,"Av. Alejandro Fleming 7889, Las Condes, Santiago, Chile",Clínicas Santiago; General
